Dataset,Max_Rules,Coverage_Threshold,Min_Improvement,Target_Metric,Accuracy,N_Rules,N_Conditions,N_Unique_Conditions,Train_Time
appendicitis,5,0.01,0.01,purity,0.7727272727272727,5,0.2,1,0.017043113708496094
appendicitis,10,0.01,0.01,purity,0.7727272727272727,10,0.2,2,0.06872200965881348
appendicitis,15,0.01,0.01,purity,0.7727272727272727,15,0.2,3,0.14504599571228027
appendicitis,20,0.01,0.01,purity,0.7727272727272727,20,0.2,4,0.24955439567565918
appendicitis,30,0.01,0.01,purity,0.7727272727272727,30,0.2,6,0.5591182708740234
appendicitis,15,0.0,0.01,purity,0.7727272727272727,15,0.2,3,0.14128947257995605
appendicitis,15,0.03,0.01,purity,0.7727272727272727,15,0.2,3,0.14161252975463867
appendicitis,15,0.05,0.01,purity,0.7727272727272727,15,0.26666666666666666,4,0.15752601623535156
appendicitis,15,0.1,0.01,purity,0.7727272727272727,15,0.3333333333333333,5,0.17275142669677734
appendicitis,15,0.01,0.0,purity,0.7727272727272727,15,0.2,3,0.13985872268676758
appendicitis,15,0.01,0.005,purity,0.7727272727272727,15,0.2,3,0.14091944694519043
appendicitis,15,0.01,0.02,purity,0.7727272727272727,15,0.2,3,0.14082789421081543
appendicitis,15,0.01,0.05,purity,0.7727272727272727,15,0.2,3,0.14043498039245605
appendicitis,20,0.03,0.01,purity,0.7727272727272727,20,0.25,5,0.2725393772125244
appendicitis,10,0.05,0.005,purity,0.7727272727272727,10,0.2,2,0.06334257125854492
appendicitis,25,0.01,0.005,purity,0.7727272727272727,25,0.2,5,0.39824819564819336
appendicitis,5,0.01,0.01,purity,0.8095238095238095,5,0.2,1,0.015506982803344727
appendicitis,10,0.01,0.01,purity,0.8095238095238095,10,0.2,2,0.06293582916259766
appendicitis,15,0.01,0.01,purity,0.8095238095238095,15,0.2,3,0.14148902893066406
appendicitis,20,0.01,0.01,purity,0.8095238095238095,20,0.2,4,0.2499990463256836
appendicitis,30,0.01,0.01,purity,0.8095238095238095,30,0.16666666666666666,5,0.5306777954101562
appendicitis,15,0.0,0.01,purity,0.8095238095238095,15,0.2,3,0.140533447265625
appendicitis,15,0.03,0.01,purity,0.8095238095238095,15,0.2,3,0.14175868034362793
appendicitis,15,0.05,0.01,purity,0.8095238095238095,15,0.2,3,0.14339375495910645
appendicitis,15,0.1,0.01,purity,0.8095238095238095,15,0.3333333333333333,5,0.19262242317199707
appendicitis,15,0.01,0.0,purity,0.8095238095238095,15,0.2,3,0.15516328811645508
appendicitis,15,0.01,0.005,purity,0.8095238095238095,15,0.2,3,0.15488266944885254
appendicitis,15,0.01,0.02,purity,0.8095238095238095,15,0.2,3,0.15536189079284668
appendicitis,15,0.01,0.05,purity,0.8095238095238095,15,0.2,3,0.13904571533203125
appendicitis,20,0.03,0.01,purity,0.8095238095238095,20,0.25,5,0.2693965435028076
appendicitis,10,0.05,0.005,purity,0.8095238095238095,10,0.2,2,0.0625922679901123
appendicitis,25,0.01,0.005,purity,0.8095238095238095,25,0.2,5,0.38736891746520996
appendicitis,5,0.01,0.01,purity,0.8095238095238095,5,0.2,1,0.017358064651489258
appendicitis,10,0.01,0.01,purity,0.8095238095238095,10,0.2,2,0.06200742721557617
appendicitis,15,0.01,0.01,purity,0.8095238095238095,15,0.2,3,0.13913631439208984
appendicitis,20,0.01,0.01,purity,0.8095238095238095,20,0.2,4,0.24448418617248535
appendicitis,30,0.01,0.01,purity,0.8095238095238095,30,0.16666666666666666,5,0.5260486602783203
appendicitis,15,0.0,0.01,purity,0.8095238095238095,15,0.2,3,0.13773798942565918
appendicitis,15,0.03,0.01,purity,0.8095238095238095,15,0.2,3,0.14024090766906738
appendicitis,15,0.05,0.01,purity,0.8095238095238095,15,0.2,3,0.1403331756591797
appendicitis,15,0.1,0.01,purity,0.8095238095238095,15,0.3333333333333333,5,0.16924095153808594
appendicitis,15,0.01,0.0,purity,0.8095238095238095,15,0.2,3,0.13769102096557617
appendicitis,15,0.01,0.005,purity,0.8095238095238095,15,0.2,3,0.13918614387512207
appendicitis,15,0.01,0.02,purity,0.8095238095238095,15,0.2,3,0.13845109939575195
appendicitis,15,0.01,0.05,purity,0.8095238095238095,15,0.2,3,0.1397266387939453
appendicitis,20,0.03,0.01,purity,0.8095238095238095,20,0.2,4,0.27419519424438477
appendicitis,10,0.05,0.005,purity,0.8095238095238095,10,0.2,2,0.06190371513366699
appendicitis,25,0.01,0.005,purity,0.8095238095238095,25,0.16,4,0.35614013671875
appendicitis,5,0.01,0.01,purity,0.8095238095238095,5,0.2,1,0.017728090286254883
appendicitis,10,0.01,0.01,purity,0.8095238095238095,10,0.2,2,0.0710601806640625
appendicitis,15,0.01,0.01,purity,0.8095238095238095,15,0.2,3,0.15673375129699707
appendicitis,20,0.01,0.01,purity,0.8095238095238095,20,0.25,5,0.26937127113342285
appendicitis,30,0.01,0.01,purity,0.8095238095238095,30,0.2,6,0.5480759143829346
appendicitis,15,0.0,0.01,purity,0.8095238095238095,15,0.2,3,0.1400742530822754
appendicitis,15,0.03,0.01,purity,0.8095238095238095,15,0.26666666666666666,4,0.15461230278015137
appendicitis,15,0.05,0.01,purity,0.8095238095238095,15,0.3333333333333333,5,0.1718592643737793
appendicitis,15,0.1,0.01,purity,0.8095238095238095,15,0.3333333333333333,5,0.17203927040100098
appendicitis,15,0.01,0.0,purity,0.8095238095238095,15,0.2,3,0.1399545669555664
appendicitis,15,0.01,0.005,purity,0.8095238095238095,15,0.2,3,0.1406850814819336
appendicitis,15,0.01,0.02,purity,0.8095238095238095,15,0.2,3,0.14079999923706055
appendicitis,15,0.01,0.05,purity,0.8095238095238095,15,0.2,3,0.14722371101379395
appendicitis,20,0.03,0.01,purity,0.8095238095238095,20,0.25,5,0.269855260848999
appendicitis,10,0.05,0.005,purity,0.8095238095238095,10,0.3,3,0.08211588859558105
appendicitis,25,0.01,0.005,purity,0.8095238095238095,25,0.2,5,0.421276330947876
appendicitis,5,0.01,0.01,purity,0.8095238095238095,5,0.2,1,0.015412092208862305
appendicitis,10,0.01,0.01,purity,0.8095238095238095,10,0.2,2,0.06364583969116211
appendicitis,15,0.01,0.01,purity,0.8095238095238095,15,0.2,3,0.14425444602966309
appendicitis,20,0.01,0.01,purity,0.8095238095238095,20,0.2,4,0.25522279739379883
appendicitis,30,0.01,0.01,purity,0.8095238095238095,30,0.16666666666666666,5,0.536827564239502
appendicitis,15,0.0,0.01,purity,0.8095238095238095,15,0.2,3,0.14196443557739258
appendicitis,15,0.03,0.01,purity,0.8095238095238095,15,0.2,3,0.142686128616333
appendicitis,15,0.05,0.01,purity,0.8095238095238095,15,0.26666666666666666,4,0.16098713874816895
appendicitis,15,0.1,0.01,purity,0.8095238095238095,15,0.3333333333333333,5,0.17355108261108398
appendicitis,15,0.01,0.0,purity,0.8095238095238095,15,0.2,3,0.14275646209716797
appendicitis,15,0.01,0.005,purity,0.8095238095238095,15,0.2,3,0.15860795974731445
appendicitis,15,0.01,0.02,purity,0.8095238095238095,15,0.2,3,0.15510106086730957
appendicitis,15,0.01,0.05,purity,0.8095238095238095,15,0.2,3,0.1605687141418457
appendicitis,20,0.03,0.01,purity,0.8095238095238095,20,0.2,4,0.2969486713409424
appendicitis,10,0.05,0.005,purity,0.8095238095238095,10,0.2,2,0.07256960868835449
appendicitis,25,0.01,0.005,purity,0.8095238095238095,25,0.2,5,0.43669843673706055
australian,5,0.01,0.01,purity,0.8768115942028986,5,0.6,3,0.08995318412780762
australian,10,0.01,0.01,purity,0.8768115942028986,10,0.4,4,0.28578829765319824
australian,15,0.01,0.01,purity,0.8768115942028986,15,0.3333333333333333,5,0.5871772766113281
australian,20,0.01,0.01,purity,0.8768115942028986,20,0.25,5,0.9294414520263672
australian,30,0.01,0.01,purity,0.8768115942028986,30,0.16666666666666666,5,1.8404152393341064
australian,15,0.0,0.01,purity,0.8768115942028986,15,0.2,3,0.47730278968811035
australian,15,0.03,0.01,purity,0.8768115942028986,15,0.26666666666666666,4,0.5383808612823486
australian,15,0.05,0.01,purity,0.8768115942028986,15,0.26666666666666666,4,0.5361299514770508
australian,15,0.1,0.01,purity,0.8768115942028986,15,0.26666666666666666,4,0.5405728816986084
australian,15,0.01,0.0,purity,0.8768115942028986,15,0.3333333333333333,5,0.5927925109863281
australian,15,0.01,0.005,purity,0.8768115942028986,15,0.3333333333333333,5,0.5917665958404541
australian,15,0.01,0.02,purity,0.8768115942028986,15,0.3333333333333333,5,0.5921847820281982
australian,15,0.01,0.05,purity,0.8768115942028986,15,0.3333333333333333,5,0.5930759906768799
australian,20,0.03,0.01,purity,0.8768115942028986,20,0.2,4,0.8662092685699463
australian,10,0.05,0.005,purity,0.8768115942028986,10,0.3,3,0.2491624355316162
australian,25,0.01,0.005,purity,0.8768115942028986,25,0.2,5,1.3519253730773926
australian,5,0.01,0.01,purity,0.8188405797101449,5,0.6,3,0.09876513481140137
australian,10,0.01,0.01,purity,0.8260869565217391,10,0.4,4,0.30863332748413086
australian,15,0.01,0.01,purity,0.8260869565217391,15,0.26666666666666666,4,0.5449581146240234
australian,20,0.01,0.01,purity,0.8260869565217391,20,0.2,4,0.8672785758972168
australian,30,0.01,0.01,purity,0.8260869565217391,30,0.13333333333333333,4,1.7798593044281006
australian,15,0.0,0.01,purity,0.8188405797101449,15,0.2,3,0.48680853843688965
australian,15,0.03,0.01,purity,0.8260869565217391,15,0.26666666666666666,4,0.5432455539703369
australian,15,0.05,0.01,purity,0.8260869565217391,15,0.26666666666666666,4,0.5386927127838135
australian,15,0.1,0.01,purity,0.8188405797101449,15,0.26666666666666666,4,0.5578794479370117
australian,15,0.01,0.0,purity,0.8260869565217391,15,0.26666666666666666,4,0.5432829856872559
australian,15,0.01,0.005,purity,0.8260869565217391,15,0.26666666666666666,4,0.5435018539428711
australian,15,0.01,0.02,purity,0.8260869565217391,15,0.26666666666666666,4,0.5721418857574463
australian,15,0.01,0.05,purity,0.8260869565217391,15,0.26666666666666666,4,0.5369274616241455
australian,20,0.03,0.01,purity,0.8260869565217391,20,0.2,4,0.8685793876647949
australian,10,0.05,0.005,purity,0.8260869565217391,10,0.4,4,0.287351131439209
australian,25,0.01,0.005,purity,0.8260869565217391,25,0.16,4,1.296370267868042
australian,5,0.01,0.01,purity,0.7608695652173914,5,0.6,3,0.09128308296203613
australian,10,0.01,0.01,purity,0.7536231884057971,10,0.3,3,0.25330662727355957
australian,15,0.01,0.01,purity,0.7391304347826086,15,0.2,3,0.5021858215332031
australian,20,0.01,0.01,purity,0.7391304347826086,20,0.15,3,0.8127110004425049
australian,30,0.01,0.01,purity,0.7391304347826086,30,0.1,3,1.7125492095947266
australian,15,0.0,0.01,purity,0.7463768115942029,15,0.2,3,0.472383975982666
australian,15,0.03,0.01,purity,0.7608695652173914,15,0.13333333333333333,2,0.4434239864349365
australian,15,0.05,0.01,purity,0.7608695652173914,15,0.13333333333333333,2,0.43677616119384766
australian,15,0.1,0.01,purity,0.8695652173913043,15,0.26666666666666666,4,0.5610063076019287
australian,15,0.01,0.0,purity,0.7391304347826086,15,0.2,3,0.4909794330596924
australian,15,0.01,0.005,purity,0.7391304347826086,15,0.2,3,0.4946415424346924
australian,15,0.01,0.02,purity,0.7391304347826086,15,0.2,3,0.5260365009307861
australian,15,0.01,0.05,purity,0.7391304347826086,15,0.2,3,0.5048444271087646
australian,20,0.03,0.01,purity,0.7608695652173914,20,0.1,2,0.7970433235168457
australian,10,0.05,0.005,purity,0.7608695652173914,10,0.2,2,0.2158219814300537
australian,25,0.01,0.005,purity,0.7391304347826086,25,0.12,3,1.244288444519043
australian,5,0.01,0.01,purity,0.8405797101449275,5,0.6,3,0.09276437759399414
australian,10,0.01,0.01,purity,0.8405797101449275,10,0.3,3,0.259446382522583
australian,15,0.01,0.01,purity,0.8405797101449275,15,0.2,3,0.48193836212158203
australian,20,0.01,0.01,purity,0.8405797101449275,20,0.15,3,0.8036680221557617
australian,30,0.01,0.01,purity,0.8405797101449275,30,0.1,3,1.6752238273620605
australian,15,0.0,0.01,purity,0.8405797101449275,15,0.2,3,0.48232078552246094
australian,15,0.03,0.01,purity,0.8623188405797102,15,0.26666666666666666,4,0.5468230247497559
australian,15,0.05,0.01,purity,0.8623188405797102,15,0.26666666666666666,4,0.5690670013427734
australian,15,0.1,0.01,purity,0.8405797101449275,15,0.26666666666666666,4,0.5362772941589355
australian,15,0.01,0.0,purity,0.8405797101449275,15,0.2,3,0.4755861759185791
australian,15,0.01,0.005,purity,0.8405797101449275,15,0.2,3,0.47689366340637207
australian,15,0.01,0.02,purity,0.8405797101449275,15,0.2,3,0.4822056293487549
australian,15,0.01,0.05,purity,0.8405797101449275,15,0.2,3,0.4839510917663574
australian,20,0.03,0.01,purity,0.8623188405797102,20,0.2,4,0.8754584789276123
australian,10,0.05,0.005,purity,0.8623188405797102,10,0.4,4,0.2889289855957031
australian,25,0.01,0.005,purity,0.8405797101449275,25,0.12,3,1.2225885391235352
australian,5,0.01,0.01,purity,0.8695652173913043,5,0.4,2,0.0683906078338623
australian,10,0.01,0.01,purity,0.8695652173913043,10,0.3,3,0.24602246284484863
australian,15,0.01,0.01,purity,0.8695652173913043,15,0.2,3,0.48023343086242676
australian,20,0.01,0.01,purity,0.8695652173913043,20,0.15,3,0.7873461246490479
australian,30,0.01,0.01,purity,0.8695652173913043,30,0.1,3,1.637939453125
australian,15,0.0,0.01,purity,0.8695652173913043,15,0.2,3,0.4776632785797119
australian,15,0.03,0.01,purity,0.8695652173913043,15,0.2,3,0.5017151832580566
australian,15,0.05,0.01,purity,0.8695652173913043,15,0.2,3,0.4801061153411865
australian,15,0.1,0.01,purity,0.8623188405797102,15,0.26666666666666666,4,0.5480260848999023
australian,15,0.01,0.0,purity,0.8695652173913043,15,0.2,3,0.48796987533569336
australian,15,0.01,0.005,purity,0.8695652173913043,15,0.2,3,0.4851536750793457
australian,15,0.01,0.02,purity,0.8695652173913043,15,0.2,3,0.48059940338134766
australian,15,0.01,0.05,purity,0.8695652173913043,15,0.2,3,0.479081392288208
australian,20,0.03,0.01,purity,0.8695652173913043,20,0.15,3,0.7913265228271484
australian,10,0.05,0.005,purity,0.8695652173913043,10,0.3,3,0.24618005752563477
australian,25,0.01,0.005,purity,0.8695652173913043,25,0.12,3,1.181225061416626
dermatology,5,0.01,0.01,purity,0.5138888888888888,5,0.2,1,0.11727786064147949
dermatology,10,0.01,0.01,purity,0.6111111111111112,10,0.1,1,0.4072117805480957
dermatology,15,0.01,0.01,purity,0.6666666666666666,15,0.06666666666666667,1,0.885500431060791
dermatology,20,0.01,0.01,purity,0.6666666666666666,20,0.05,1,1.54679274559021
dermatology,30,0.01,0.01,purity,0.6666666666666666,30,0.06666666666666667,2,3.629033088684082
dermatology,15,0.0,0.01,purity,0.6666666666666666,15,0.06666666666666667,1,0.9047796726226807
dermatology,15,0.03,0.01,purity,0.6666666666666666,15,0.06666666666666667,1,0.87919020652771
dermatology,15,0.05,0.01,purity,0.6666666666666666,15,0.06666666666666667,1,0.878819465637207
dermatology,15,0.1,0.01,purity,0.6111111111111112,15,0.06666666666666667,1,0.894838809967041
dermatology,15,0.01,0.0,purity,0.6666666666666666,15,0.06666666666666667,1,0.8977904319763184
dermatology,15,0.01,0.005,purity,0.6666666666666666,15,0.06666666666666667,1,0.8794958591461182
dermatology,15,0.01,0.02,purity,0.6666666666666666,15,0.06666666666666667,1,0.8917608261108398
dermatology,15,0.01,0.05,purity,0.6666666666666666,15,0.06666666666666667,1,0.8801932334899902
dermatology,20,0.03,0.01,purity,0.6666666666666666,20,0.05,1,1.556396722793579
dermatology,10,0.05,0.005,purity,0.6111111111111112,10,0.1,1,0.40592336654663086
dermatology,25,0.01,0.005,purity,0.6666666666666666,25,0.08,2,2.5698401927948
dermatology,5,0.01,0.01,purity,0.5,5,0.2,1,0.11652684211730957
dermatology,10,0.01,0.01,purity,0.5555555555555556,10,0.1,1,0.40691304206848145
dermatology,15,0.01,0.01,purity,0.6805555555555556,15,0.06666666666666667,1,0.8810989856719971
dermatology,20,0.01,0.01,purity,0.6805555555555556,20,0.05,1,1.5643320083618164
dermatology,30,0.01,0.01,purity,0.6805555555555556,30,0.06666666666666667,2,3.664469003677368
dermatology,15,0.0,0.01,purity,0.6805555555555556,15,0.06666666666666667,1,0.9049897193908691
dermatology,15,0.03,0.01,purity,0.6805555555555556,15,0.06666666666666667,1,0.8876821994781494
dermatology,15,0.05,0.01,purity,0.6805555555555556,15,0.06666666666666667,1,0.8962724208831787
dermatology,15,0.1,0.01,purity,0.625,15,0.06666666666666667,1,0.882084846496582
dermatology,15,0.01,0.0,purity,0.6805555555555556,15,0.06666666666666667,1,0.8854568004608154
dermatology,15,0.01,0.005,purity,0.6805555555555556,15,0.06666666666666667,1,0.8865993022918701
dermatology,15,0.01,0.02,purity,0.6805555555555556,15,0.06666666666666667,1,0.880516529083252
dermatology,15,0.01,0.05,purity,0.6805555555555556,15,0.06666666666666667,1,0.8745443820953369
dermatology,20,0.03,0.01,purity,0.6805555555555556,20,0.05,1,1.5327978134155273
dermatology,10,0.05,0.005,purity,0.5555555555555556,10,0.1,1,0.40608716011047363
dermatology,25,0.01,0.005,purity,0.6805555555555556,25,0.08,2,2.5289993286132812
dermatology,5,0.01,0.01,purity,0.5,5,0.2,1,0.11505699157714844
dermatology,10,0.01,0.01,purity,0.5,10,0.1,1,0.405170202255249
dermatology,15,0.01,0.01,purity,0.6666666666666666,15,0.06666666666666667,1,0.9233717918395996
dermatology,20,0.01,0.01,purity,0.6666666666666666,20,0.1,2,1.7598505020141602
dermatology,30,0.01,0.01,purity,0.6666666666666666,30,0.1,3,3.848557949066162
dermatology,15,0.0,0.01,purity,0.6666666666666666,15,0.06666666666666667,1,0.8825798034667969
dermatology,15,0.03,0.01,purity,0.6666666666666666,15,0.06666666666666667,1,0.8892362117767334
dermatology,15,0.05,0.01,purity,0.6666666666666666,15,0.06666666666666667,1,0.8902802467346191
dermatology,15,0.1,0.01,purity,0.6111111111111112,15,0.06666666666666667,1,0.9127018451690674
dermatology,15,0.01,0.0,purity,0.6666666666666666,15,0.06666666666666667,1,0.8962602615356445
dermatology,15,0.01,0.005,purity,0.6666666666666666,15,0.06666666666666667,1,0.8803079128265381
dermatology,15,0.01,0.02,purity,0.6666666666666666,15,0.06666666666666667,1,0.8767468929290771
dermatology,15,0.01,0.05,purity,0.6666666666666666,15,0.06666666666666667,1,0.88124680519104
dermatology,20,0.03,0.01,purity,0.6666666666666666,20,0.1,2,1.6917312145233154
dermatology,10,0.05,0.005,purity,0.5,10,0.1,1,0.4079248905181885
dermatology,25,0.01,0.005,purity,0.6666666666666666,25,0.08,2,2.5922396183013916
dermatology,5,0.01,0.01,purity,0.5070422535211268,5,0.2,1,0.11701631546020508
dermatology,10,0.01,0.01,purity,0.5070422535211268,10,0.1,1,0.42418336868286133
dermatology,15,0.01,0.01,purity,0.676056338028169,15,0.06666666666666667,1,0.8882989883422852
dermatology,20,0.01,0.01,purity,0.676056338028169,20,0.05,1,1.5582716464996338
dermatology,30,0.01,0.01,purity,0.676056338028169,30,0.06666666666666667,2,3.6193811893463135
dermatology,15,0.0,0.01,purity,0.676056338028169,15,0.06666666666666667,1,0.8908298015594482
dermatology,15,0.03,0.01,purity,0.676056338028169,15,0.06666666666666667,1,0.8910062313079834
dermatology,15,0.05,0.01,purity,0.676056338028169,15,0.06666666666666667,1,0.897728681564331
dermatology,15,0.1,0.01,purity,0.6197183098591549,15,0.06666666666666667,1,0.9312756061553955
dermatology,15,0.01,0.0,purity,0.676056338028169,15,0.06666666666666667,1,0.9077575206756592
dermatology,15,0.01,0.005,purity,0.676056338028169,15,0.06666666666666667,1,0.8860180377960205
dermatology,15,0.01,0.02,purity,0.676056338028169,15,0.06666666666666667,1,0.889458417892456
dermatology,15,0.01,0.05,purity,0.676056338028169,15,0.06666666666666667,1,0.9050295352935791
dermatology,20,0.03,0.01,purity,0.676056338028169,20,0.05,1,1.5757317543029785
dermatology,10,0.05,0.005,purity,0.5070422535211268,10,0.1,1,0.41261887550354004
dermatology,25,0.01,0.005,purity,0.676056338028169,25,0.08,2,2.574277400970459
dermatology,5,0.01,0.01,purity,0.5211267605633803,5,0.2,1,0.11446070671081543
dermatology,10,0.01,0.01,purity,0.6338028169014085,10,0.1,1,0.4077620506286621
dermatology,15,0.01,0.01,purity,0.6901408450704225,15,0.06666666666666667,1,0.8958594799041748
dermatology,20,0.01,0.01,purity,0.6901408450704225,20,0.05,1,1.5669963359832764
dermatology,30,0.01,0.01,purity,0.7323943661971831,30,0.06666666666666667,2,3.673691749572754
dermatology,15,0.0,0.01,purity,0.6901408450704225,15,0.06666666666666667,1,0.884091854095459
dermatology,15,0.03,0.01,purity,0.6901408450704225,15,0.06666666666666667,1,0.9055070877075195
dermatology,15,0.05,0.01,purity,0.6901408450704225,15,0.06666666666666667,1,0.8859851360321045
dermatology,15,0.1,0.01,purity,0.6338028169014085,15,0.06666666666666667,1,0.933953046798706
dermatology,15,0.01,0.0,purity,0.6901408450704225,15,0.06666666666666667,1,0.8923320770263672
dermatology,15,0.01,0.005,purity,0.6901408450704225,15,0.06666666666666667,1,0.9201242923736572
dermatology,15,0.01,0.02,purity,0.6901408450704225,15,0.06666666666666667,1,0.9220800399780273
dermatology,15,0.01,0.05,purity,0.6901408450704225,15,0.06666666666666667,1,0.9093799591064453
dermatology,20,0.03,0.01,purity,0.6901408450704225,20,0.05,1,1.567551851272583
dermatology,10,0.05,0.005,purity,0.6338028169014085,10,0.1,1,0.41968631744384766
dermatology,25,0.01,0.005,purity,0.7323943661971831,25,0.08,2,2.622279644012451
hepatitis,5,0.01,0.01,purity,0.875,5,0.2,1,0.03605151176452637
hepatitis,10,0.01,0.01,purity,0.875,10,0.1,1,0.12784695625305176
hepatitis,15,0.01,0.01,purity,0.875,15,0.13333333333333333,2,0.30649733543395996
hepatitis,20,0.01,0.01,purity,0.875,20,0.15,3,0.5538322925567627
hepatitis,30,0.01,0.01,purity,0.875,30,0.16666666666666666,5,1.3229899406433105
hepatitis,15,0.0,0.01,purity,0.875,15,0.13333333333333333,2,0.3098890781402588
hepatitis,15,0.03,0.01,purity,0.875,15,0.13333333333333333,2,0.3035569190979004
hepatitis,15,0.05,0.01,purity,0.875,15,0.13333333333333333,2,0.30402398109436035
hepatitis,15,0.1,0.01,purity,0.875,15,0.2,3,0.3413975238800049
hepatitis,15,0.01,0.0,purity,0.875,15,0.13333333333333333,2,0.3051624298095703
hepatitis,15,0.01,0.005,purity,0.875,15,0.13333333333333333,2,0.3053269386291504
hepatitis,15,0.01,0.02,purity,0.875,15,0.13333333333333333,2,0.30951833724975586
hepatitis,15,0.01,0.05,purity,0.875,15,0.13333333333333333,2,0.30515289306640625
hepatitis,20,0.03,0.01,purity,0.875,20,0.15,3,0.5616934299468994
hepatitis,10,0.05,0.005,purity,0.875,10,0.1,1,0.12747645378112793
hepatitis,25,0.01,0.005,purity,0.875,25,0.16,4,0.8970503807067871
hepatitis,5,0.01,0.01,purity,0.875,5,0.2,1,0.035607337951660156
hepatitis,10,0.01,0.01,purity,0.875,10,0.2,2,0.15202927589416504
hepatitis,15,0.01,0.01,purity,0.875,15,0.2,3,0.3396873474121094
hepatitis,20,0.01,0.01,purity,0.875,20,0.2,4,0.6033709049224854
hepatitis,30,0.01,0.01,purity,0.875,30,0.16666666666666666,5,1.2835655212402344
hepatitis,15,0.0,0.01,purity,0.875,15,0.2,3,0.3413424491882324
hepatitis,15,0.03,0.01,purity,0.875,15,0.2,3,0.3398425579071045
hepatitis,15,0.05,0.01,purity,0.875,15,0.2,3,0.35042834281921387
hepatitis,15,0.1,0.01,purity,0.875,15,0.26666666666666666,4,0.3787727355957031
hepatitis,15,0.01,0.0,purity,0.875,15,0.2,3,0.34195828437805176
hepatitis,15,0.01,0.005,purity,0.875,15,0.2,3,0.36388516426086426
hepatitis,15,0.01,0.02,purity,0.875,15,0.2,3,0.3612353801727295
hepatitis,15,0.01,0.05,purity,0.875,15,0.2,3,0.33771252632141113
hepatitis,20,0.03,0.01,purity,0.875,20,0.2,4,0.6155734062194824
hepatitis,10,0.05,0.005,purity,0.875,10,0.2,2,0.15031790733337402
hepatitis,25,0.01,0.005,purity,0.875,25,0.16,4,0.8784558773040771
hepatitis,5,0.01,0.01,purity,0.8125,5,0.2,1,0.03538846969604492
hepatitis,10,0.01,0.01,purity,0.8125,10,0.1,1,0.1262362003326416
hepatitis,15,0.01,0.01,purity,0.8125,15,0.13333333333333333,2,0.3076009750366211
hepatitis,20,0.01,0.01,purity,0.8125,20,0.1,2,0.5117044448852539
hepatitis,30,0.01,0.01,purity,0.8125,30,0.1,3,1.1663546562194824
hepatitis,15,0.0,0.01,purity,0.8125,15,0.13333333333333333,2,0.30763864517211914
hepatitis,15,0.03,0.01,purity,0.8125,15,0.13333333333333333,2,0.3072037696838379
hepatitis,15,0.05,0.01,purity,0.8125,15,0.13333333333333333,2,0.3065953254699707
hepatitis,15,0.1,0.01,purity,0.8125,15,0.13333333333333333,2,0.31644678115844727
hepatitis,15,0.01,0.0,purity,0.8125,15,0.13333333333333333,2,0.31377267837524414
hepatitis,15,0.01,0.005,purity,0.8125,15,0.13333333333333333,2,0.3203742504119873
hepatitis,15,0.01,0.02,purity,0.8125,15,0.13333333333333333,2,0.3052785396575928
hepatitis,15,0.01,0.05,purity,0.8125,15,0.13333333333333333,2,0.3040659427642822
hepatitis,20,0.03,0.01,purity,0.8125,20,0.1,2,0.5112688541412354
hepatitis,10,0.05,0.005,purity,0.8125,10,0.1,1,0.1263289451599121
hepatitis,25,0.01,0.005,purity,0.8125,25,0.12,3,0.8292021751403809
hepatitis,5,0.01,0.01,purity,0.8125,5,0.2,1,0.03564953804016113
hepatitis,10,0.01,0.01,purity,0.8125,10,0.1,1,0.12687230110168457
hepatitis,15,0.01,0.01,purity,0.8125,15,0.13333333333333333,2,0.3081183433532715
hepatitis,20,0.01,0.01,purity,0.8125,20,0.15,3,0.5721502304077148
hepatitis,30,0.01,0.01,purity,0.8125,30,0.1,3,1.1549317836761475
hepatitis,15,0.0,0.01,purity,0.8125,15,0.13333333333333333,2,0.3032658100128174
hepatitis,15,0.03,0.01,purity,0.8125,15,0.13333333333333333,2,0.3068878650665283
hepatitis,15,0.05,0.01,purity,0.8125,15,0.13333333333333333,2,0.3091464042663574
hepatitis,15,0.1,0.01,purity,0.8125,15,0.13333333333333333,2,0.30631113052368164
hepatitis,15,0.01,0.0,purity,0.8125,15,0.13333333333333333,2,0.3036351203918457
hepatitis,15,0.01,0.005,purity,0.8125,15,0.13333333333333333,2,0.30701684951782227
hepatitis,15,0.01,0.02,purity,0.8125,15,0.13333333333333333,2,0.3093445301055908
hepatitis,15,0.01,0.05,purity,0.8125,15,0.13333333333333333,2,0.3281881809234619
hepatitis,20,0.03,0.01,purity,0.8125,20,0.15,3,0.5781095027923584
hepatitis,10,0.05,0.005,purity,0.8125,10,0.1,1,0.13186049461364746
hepatitis,25,0.01,0.005,purity,0.8125,25,0.12,3,0.8391246795654297
hepatitis,5,0.01,0.01,purity,0.8125,5,0.2,1,0.03680419921875
hepatitis,10,0.01,0.01,purity,0.8125,10,0.2,2,0.15354418754577637
hepatitis,15,0.01,0.01,purity,0.8125,15,0.13333333333333333,2,0.3303394317626953
hepatitis,20,0.01,0.01,purity,0.8125,20,0.15,3,0.5805718898773193
hepatitis,30,0.01,0.01,purity,0.8125,30,0.13333333333333333,4,1.2476482391357422
hepatitis,15,0.0,0.01,purity,0.8125,15,0.13333333333333333,2,0.30913591384887695
hepatitis,15,0.03,0.01,purity,0.8125,15,0.13333333333333333,2,0.30681562423706055
hepatitis,15,0.05,0.01,purity,0.8125,15,0.13333333333333333,2,0.3227667808532715
hepatitis,15,0.1,0.01,purity,0.8125,15,0.13333333333333333,2,0.3302781581878662
hepatitis,15,0.01,0.0,purity,0.8125,15,0.13333333333333333,2,0.31965184211730957
hepatitis,15,0.01,0.005,purity,0.8125,15,0.13333333333333333,2,0.30463695526123047
hepatitis,15,0.01,0.02,purity,0.8125,15,0.13333333333333333,2,0.3200700283050537
hepatitis,15,0.01,0.05,purity,0.8125,15,0.13333333333333333,2,0.306962251663208
hepatitis,20,0.03,0.01,purity,0.8125,20,0.15,3,0.5635218620300293
hepatitis,10,0.05,0.005,purity,0.8125,10,0.2,2,0.16018438339233398
hepatitis,25,0.01,0.005,purity,0.8125,25,0.16,4,0.8944759368896484
pima,5,0.01,0.01,purity,0.6493506493506493,5,0.6,3,0.06316876411437988
pima,10,0.01,0.01,purity,0.6493506493506493,10,0.5,5,0.22626924514770508
pima,15,0.01,0.01,purity,0.6493506493506493,15,0.3333333333333333,5,0.4045720100402832
pima,20,0.01,0.01,purity,0.6493506493506493,20,0.25,5,0.634589672088623
pima,30,0.01,0.01,purity,0.5714285714285714,29,0.1724137931034483,5,1.2617998123168945
pima,15,0.0,0.01,purity,0.6493506493506493,15,0.3333333333333333,5,0.41639161109924316
pima,15,0.03,0.01,purity,0.6493506493506493,15,0.3333333333333333,5,0.40354490280151367
pima,15,0.05,0.01,purity,0.6493506493506493,15,0.3333333333333333,5,0.40616536140441895
pima,15,0.1,0.01,purity,0.6493506493506493,15,0.4,6,0.4494757652282715
pima,15,0.01,0.0,purity,0.6493506493506493,15,0.3333333333333333,5,0.408250093460083
pima,15,0.01,0.005,purity,0.6493506493506493,15,0.3333333333333333,5,0.40713047981262207
pima,15,0.01,0.02,purity,0.6493506493506493,15,0.3333333333333333,5,0.4061400890350342
pima,15,0.01,0.05,purity,0.6493506493506493,15,0.3333333333333333,5,0.40406107902526855
pima,20,0.03,0.01,purity,0.6493506493506493,20,0.25,5,0.6559901237487793
pima,10,0.05,0.005,purity,0.6493506493506493,10,0.5,5,0.22492504119873047
pima,25,0.01,0.005,purity,0.6493506493506493,25,0.2,5,0.9155087471008301
pima,5,0.01,0.01,purity,0.6493506493506493,5,0.4,2,0.049192190170288086
pima,10,0.01,0.01,purity,0.6493506493506493,10,0.5,5,0.2536957263946533
pima,15,0.01,0.01,purity,0.6493506493506493,15,0.3333333333333333,5,0.41355061531066895
pima,20,0.01,0.01,purity,0.6493506493506493,20,0.25,5,0.6347525119781494
pima,30,0.01,0.01,purity,0.6493506493506493,30,0.16666666666666666,5,1.2719323635101318
pima,15,0.0,0.01,purity,0.6493506493506493,15,0.3333333333333333,5,0.40578269958496094
pima,15,0.03,0.01,purity,0.6493506493506493,15,0.3333333333333333,5,0.4214596748352051
pima,15,0.05,0.01,purity,0.6493506493506493,15,0.3333333333333333,5,0.45459485054016113
pima,15,0.1,0.01,purity,0.6493506493506493,15,0.4,6,0.45677900314331055
pima,15,0.01,0.0,purity,0.6493506493506493,15,0.3333333333333333,5,0.4388740062713623
pima,15,0.01,0.005,purity,0.6493506493506493,15,0.3333333333333333,5,0.40881800651550293
pima,15,0.01,0.02,purity,0.6493506493506493,15,0.3333333333333333,5,0.4129793643951416
pima,15,0.01,0.05,purity,0.6493506493506493,15,0.3333333333333333,5,0.40164875984191895
pima,20,0.03,0.01,purity,0.6493506493506493,20,0.25,5,0.6398966312408447
pima,10,0.05,0.005,purity,0.6493506493506493,10,0.4,4,0.20076584815979004
pima,25,0.01,0.005,purity,0.6493506493506493,25,0.2,5,0.9282822608947754
pima,5,0.01,0.01,purity,0.6493506493506493,5,0.4,2,0.047801971435546875
pima,10,0.01,0.01,purity,0.6493506493506493,10,0.4,4,0.19714069366455078
pima,15,0.01,0.01,purity,0.6493506493506493,15,0.3333333333333333,5,0.40689611434936523
pima,20,0.01,0.01,purity,0.6493506493506493,20,0.25,5,0.658210039138794
pima,30,0.01,0.01,purity,0.6493506493506493,30,0.16666666666666666,5,1.2569859027862549
pima,15,0.0,0.01,purity,0.6493506493506493,15,0.3333333333333333,5,0.40968775749206543
pima,15,0.03,0.01,purity,0.6493506493506493,15,0.3333333333333333,5,0.4028205871582031
pima,15,0.05,0.01,purity,0.6493506493506493,15,0.3333333333333333,5,0.4092257022857666
pima,15,0.1,0.01,purity,0.6493506493506493,15,0.4,6,0.44703102111816406
pima,15,0.01,0.0,purity,0.6493506493506493,15,0.3333333333333333,5,0.41370368003845215
pima,15,0.01,0.005,purity,0.6493506493506493,15,0.3333333333333333,5,0.4039926528930664
pima,15,0.01,0.02,purity,0.6493506493506493,15,0.3333333333333333,5,0.4232809543609619
pima,15,0.01,0.05,purity,0.6493506493506493,15,0.3333333333333333,5,0.4094715118408203
pima,20,0.03,0.01,purity,0.6493506493506493,20,0.25,5,0.6374623775482178
pima,10,0.05,0.005,purity,0.6493506493506493,10,0.4,4,0.1996297836303711
pima,25,0.01,0.005,purity,0.6493506493506493,25,0.2,5,0.9300761222839355
pima,5,0.01,0.01,purity,0.6535947712418301,5,0.6,3,0.06313443183898926
pima,10,0.01,0.01,purity,0.6535947712418301,10,0.5,5,0.22463655471801758
pima,15,0.01,0.01,purity,0.6535947712418301,15,0.3333333333333333,5,0.40105366706848145
pima,20,0.01,0.01,purity,0.6535947712418301,20,0.25,5,0.6358363628387451
pima,30,0.01,0.01,purity,0.6535947712418301,30,0.16666666666666666,5,1.3003065586090088
pima,15,0.0,0.01,purity,0.6535947712418301,15,0.3333333333333333,5,0.4174768924713135
pima,15,0.03,0.01,purity,0.6535947712418301,15,0.3333333333333333,5,0.4152348041534424
pima,15,0.05,0.01,purity,0.6535947712418301,15,0.3333333333333333,5,0.4077465534210205
pima,15,0.1,0.01,purity,0.6535947712418301,15,0.3333333333333333,5,0.4028904438018799
pima,15,0.01,0.0,purity,0.6535947712418301,15,0.3333333333333333,5,0.40615129470825195
pima,15,0.01,0.005,purity,0.6535947712418301,15,0.3333333333333333,5,0.42128539085388184
pima,15,0.01,0.02,purity,0.6535947712418301,15,0.3333333333333333,5,0.39914822578430176
pima,15,0.01,0.05,purity,0.6535947712418301,15,0.3333333333333333,5,0.4197425842285156
pima,20,0.03,0.01,purity,0.6535947712418301,20,0.25,5,0.6364023685455322
pima,10,0.05,0.005,purity,0.6535947712418301,10,0.5,5,0.22597646713256836
pima,25,0.01,0.005,purity,0.6535947712418301,25,0.2,5,0.9257500171661377
pima,5,0.01,0.01,purity,0.6535947712418301,5,0.6,3,0.06511235237121582
pima,10,0.01,0.01,purity,0.6535947712418301,10,0.5,5,0.22569990158081055
pima,15,0.01,0.01,purity,0.6535947712418301,15,0.3333333333333333,5,0.3988375663757324
pima,20,0.01,0.01,purity,0.6535947712418301,20,0.25,5,0.630718469619751
pima,30,0.01,0.01,purity,0.6535947712418301,30,0.16666666666666666,5,1.2634491920471191
pima,15,0.0,0.01,purity,0.6535947712418301,15,0.3333333333333333,5,0.4010810852050781
pima,15,0.03,0.01,purity,0.6535947712418301,15,0.3333333333333333,5,0.4042022228240967
pima,15,0.05,0.01,purity,0.6535947712418301,15,0.3333333333333333,5,0.40636277198791504
pima,15,0.1,0.01,purity,0.6535947712418301,15,0.4,6,0.44578003883361816
pima,15,0.01,0.0,purity,0.6535947712418301,15,0.3333333333333333,5,0.41051435470581055
pima,15,0.01,0.005,purity,0.6535947712418301,15,0.3333333333333333,5,0.40711021423339844
pima,15,0.01,0.02,purity,0.6535947712418301,15,0.3333333333333333,5,0.39722633361816406
pima,15,0.01,0.05,purity,0.6535947712418301,15,0.3333333333333333,5,0.399993896484375
pima,20,0.03,0.01,purity,0.6535947712418301,20,0.25,5,0.6612734794616699
pima,10,0.05,0.005,purity,0.6535947712418301,10,0.5,5,0.2554938793182373
pima,25,0.01,0.005,purity,0.6535947712418301,25,0.2,5,0.9241142272949219
spambase,5,0.01,0.01,purity,0.6054347826086957,5,0.2,1,0.9469432830810547
spambase,10,0.01,0.01,purity,0.7576086956521739,10,0.1,1,3.438283681869507
spambase,15,0.01,0.01,purity,0.8282608695652174,15,0.06666666666666667,1,7.54850697517395
spambase,20,0.01,0.01,purity,0.8586956521739131,20,0.05,1,13.033165454864502
spambase,30,0.01,0.01,purity,0.8815217391304347,30,0.1,3,32.701454877853394
spambase,15,0.0,0.01,purity,0.8282608695652174,15,0.06666666666666667,1,7.456076622009277
spambase,15,0.03,0.01,purity,0.8271739130434783,15,0.06666666666666667,1,7.525285720825195
spambase,15,0.05,0.01,purity,0.841304347826087,15,0.06666666666666667,1,7.475259304046631
spambase,15,0.1,0.01,purity,0.8880434782608696,15,0.06666666666666667,1,7.440262079238892
spambase,15,0.01,0.0,purity,0.8282608695652174,15,0.06666666666666667,1,7.434470891952515
spambase,15,0.01,0.005,purity,0.8282608695652174,15,0.06666666666666667,1,7.425701141357422
spambase,15,0.01,0.02,purity,0.8282608695652174,15,0.06666666666666667,1,7.3786163330078125
spambase,15,0.01,0.05,purity,0.8282608695652174,15,0.06666666666666667,1,7.424716472625732
spambase,20,0.03,0.01,purity,0.8576086956521739,20,0.05,1,13.021832704544067
spambase,10,0.05,0.005,purity,0.8326086956521739,10,0.1,1,3.4312379360198975
spambase,25,0.01,0.005,purity,0.8815217391304347,25,0.08,2,21.740604162216187
spambase,5,0.01,0.01,purity,0.6054347826086957,5,0.2,1,0.9285297393798828
spambase,10,0.01,0.01,purity,0.7543478260869565,10,0.1,1,3.391850471496582
spambase,15,0.01,0.01,purity,0.8152173913043478,15,0.06666666666666667,1,7.445393085479736
spambase,20,0.01,0.01,purity,0.8586956521739131,20,0.05,1,13.006263256072998
spambase,30,0.01,0.01,purity,0.8771739130434782,30,0.06666666666666667,2,30.658775091171265
spambase,15,0.0,0.01,purity,0.8152173913043478,15,0.06666666666666667,1,7.430387496948242
spambase,15,0.03,0.01,purity,0.8152173913043478,15,0.06666666666666667,1,7.512269735336304
spambase,15,0.05,0.01,purity,0.8619565217391304,15,0.06666666666666667,1,7.478117227554321
spambase,15,0.1,0.01,purity,0.8815217391304347,15,0.2,3,9.490870714187622
spambase,15,0.01,0.0,purity,0.8152173913043478,15,0.06666666666666667,1,7.391114950180054
spambase,15,0.01,0.005,purity,0.8152173913043478,15,0.06666666666666667,1,7.500974416732788
spambase,15,0.01,0.02,purity,0.8152173913043478,15,0.06666666666666667,1,7.4652321338653564
spambase,15,0.01,0.05,purity,0.8152173913043478,15,0.06666666666666667,1,7.481503486633301
spambase,20,0.03,0.01,purity,0.8586956521739131,20,0.05,1,13.070298671722412
spambase,10,0.05,0.005,purity,0.8184782608695652,10,0.1,1,3.4458281993865967
spambase,25,0.01,0.005,purity,0.8586956521739131,25,0.08,2,21.6281681060791
spambase,5,0.01,0.01,purity,0.6060935799782372,5,0.2,1,0.93398118019104
spambase,10,0.01,0.01,purity,0.766050054406964,10,0.1,1,3.3964152336120605
spambase,15,0.01,0.01,purity,0.8248095756256801,15,0.06666666666666667,1,7.440239906311035
spambase,20,0.01,0.01,purity,0.85310119695321,20,0.05,1,12.998255252838135
spambase,30,0.01,0.01,purity,0.8748639825897715,30,0.13333333333333333,4,34.66479516029358
spambase,15,0.0,0.01,purity,0.8248095756256801,15,0.06666666666666667,1,7.436790704727173
spambase,15,0.03,0.01,purity,0.8248095756256801,15,0.06666666666666667,1,7.43395733833313
spambase,15,0.05,0.01,purity,0.8552774755168662,15,0.06666666666666667,1,7.4511096477508545
spambase,15,0.1,0.01,purity,0.8890097932535365,15,0.13333333333333333,2,8.42677640914917
spambase,15,0.01,0.0,purity,0.8248095756256801,15,0.06666666666666667,1,7.399255037307739
spambase,15,0.01,0.005,purity,0.8248095756256801,15,0.06666666666666667,1,7.427464723587036
spambase,15,0.01,0.02,purity,0.8248095756256801,15,0.06666666666666667,1,7.422034025192261
spambase,15,0.01,0.05,purity,0.8248095756256801,15,0.06666666666666667,1,7.4498820304870605
spambase,20,0.03,0.01,purity,0.85310119695321,20,0.05,1,13.014161348342896
spambase,10,0.05,0.005,purity,0.8269858541893362,10,0.1,1,3.431169033050537
spambase,25,0.01,0.005,purity,0.8748639825897715,25,0.12,3,23.346930265426636
spambase,5,0.01,0.01,purity,0.6060935799782372,5,0.2,1,0.9314939975738525
spambase,10,0.01,0.01,purity,0.7834602829162133,10,0.1,1,3.4123353958129883
spambase,15,0.01,0.01,purity,0.8454842219804135,15,0.06666666666666667,1,7.427451848983765
spambase,20,0.01,0.01,purity,0.8803046789989118,20,0.05,1,12.972712993621826
spambase,30,0.01,0.01,purity,0.8988030467899891,30,0.1,3,32.61240005493164
spambase,15,0.0,0.01,purity,0.8454842219804135,15,0.06666666666666667,1,7.406016111373901
spambase,15,0.03,0.01,purity,0.8454842219804135,15,0.06666666666666667,1,7.415985345840454
spambase,15,0.05,0.01,purity,0.8813928182807399,15,0.06666666666666667,1,7.437371730804443
spambase,15,0.1,0.01,purity,0.9020674646354734,15,0.13333333333333333,2,8.489954948425293
spambase,15,0.01,0.0,purity,0.8454842219804135,15,0.06666666666666667,1,7.411567687988281
spambase,15,0.01,0.005,purity,0.8454842219804135,15,0.06666666666666667,1,7.427439212799072
spambase,15,0.01,0.02,purity,0.8454842219804135,15,0.06666666666666667,1,7.426659107208252
spambase,15,0.01,0.05,purity,0.8454842219804135,15,0.06666666666666667,1,7.411950349807739
spambase,20,0.03,0.01,purity,0.8803046789989118,20,0.05,1,12.998504161834717
spambase,10,0.05,0.005,purity,0.8465723612622416,10,0.1,1,3.3920769691467285
spambase,25,0.01,0.005,purity,0.8988030467899891,25,0.08,2,21.612283945083618
spambase,5,0.01,0.01,purity,0.6060935799782372,5,0.2,1,0.9261658191680908
spambase,10,0.01,0.01,purity,0.7595212187159956,10,0.1,1,3.37601375579834
spambase,15,0.01,0.01,purity,0.8367791077257889,15,0.06666666666666667,1,7.390381336212158
spambase,20,0.01,0.01,purity,0.8520130576713819,20,0.05,1,12.959800481796265
spambase,30,0.01,0.01,purity,0.8748639825897715,30,0.1,3,32.482614040374756
spambase,15,0.0,0.01,purity,0.8367791077257889,15,0.06666666666666667,1,7.3945863246917725
spambase,15,0.03,0.01,purity,0.8367791077257889,15,0.06666666666666667,1,7.337326765060425
spambase,15,0.05,0.01,purity,0.85310119695321,15,0.06666666666666667,1,7.412126064300537
spambase,15,0.1,0.01,purity,0.8683351468988031,15,0.06666666666666667,1,7.395157098770142
spambase,15,0.01,0.0,purity,0.8367791077257889,15,0.06666666666666667,1,7.368726015090942
spambase,15,0.01,0.005,purity,0.8367791077257889,15,0.06666666666666667,1,7.391978979110718
spambase,15,0.01,0.02,purity,0.8367791077257889,15,0.06666666666666667,1,7.378210067749023
spambase,15,0.01,0.05,purity,0.8367791077257889,15,0.06666666666666667,1,7.39237380027771
spambase,20,0.03,0.01,purity,0.8520130576713819,20,0.05,1,12.878454208374023
spambase,10,0.05,0.005,purity,0.8150163220892275,10,0.1,1,3.398308038711548
spambase,25,0.01,0.005,purity,0.8748639825897715,25,0.04,1,19.956665754318237
wine,5,0.01,0.01,purity,0.9722222222222222,5,0.2,1,0.03326845169067383
wine,10,0.01,0.01,purity,0.9722222222222222,10,0.4,4,0.18850183486938477
wine,15,0.01,0.01,purity,0.9722222222222222,15,0.26666666666666666,4,0.34755969047546387
wine,20,0.01,0.01,purity,0.9722222222222222,20,0.25,5,0.6079287528991699
wine,30,0.01,0.01,purity,0.9444444444444444,30,0.23333333333333334,7,1.3388001918792725
wine,15,0.0,0.01,purity,0.9722222222222222,15,0.26666666666666666,4,0.3406071662902832
wine,15,0.03,0.01,purity,0.9722222222222222,15,0.2,3,0.3169896602630615
wine,15,0.05,0.01,purity,0.9444444444444444,15,0.2,3,0.31729769706726074
wine,15,0.1,0.01,purity,0.9444444444444444,15,0.4,6,0.42898035049438477
wine,15,0.01,0.0,purity,0.9722222222222222,15,0.26666666666666666,4,0.3515498638153076
wine,15,0.01,0.005,purity,0.9722222222222222,15,0.26666666666666666,4,0.35181665420532227
wine,15,0.01,0.02,purity,0.9722222222222222,15,0.26666666666666666,4,0.35083937644958496
wine,15,0.01,0.05,purity,0.9722222222222222,15,0.26666666666666666,4,0.34944748878479004
wine,20,0.03,0.01,purity,0.9722222222222222,20,0.25,5,0.6108715534210205
wine,10,0.05,0.005,purity,0.9444444444444444,10,0.3,3,0.16522502899169922
wine,25,0.01,0.005,purity,0.9722222222222222,25,0.24,6,0.9349288940429688
wine,5,0.01,0.01,purity,0.8888888888888888,5,0.2,1,0.03362154960632324
wine,10,0.01,0.01,purity,0.8888888888888888,10,0.2,2,0.13953375816345215
wine,15,0.01,0.01,purity,0.8888888888888888,15,0.2,3,0.31873488426208496
wine,20,0.01,0.01,purity,0.8888888888888888,20,0.2,4,0.5680155754089355
wine,30,0.01,0.01,purity,0.9444444444444444,30,0.2,6,1.2696373462677002
wine,15,0.0,0.01,purity,0.8888888888888888,15,0.2,3,0.31824660301208496
wine,15,0.03,0.01,purity,0.8888888888888888,15,0.2,3,0.3184676170349121
wine,15,0.05,0.01,purity,0.8611111111111112,15,0.26666666666666666,4,0.3533022403717041
wine,15,0.1,0.01,purity,0.8888888888888888,15,0.3333333333333333,5,0.3894975185394287
wine,15,0.01,0.0,purity,0.8888888888888888,15,0.2,3,0.31875014305114746
wine,15,0.01,0.005,purity,0.8888888888888888,15,0.2,3,0.31862664222717285
wine,15,0.01,0.02,purity,0.8888888888888888,15,0.2,3,0.31947851181030273
wine,15,0.01,0.05,purity,0.8888888888888888,15,0.2,3,0.31821727752685547
wine,20,0.03,0.01,purity,0.8888888888888888,20,0.2,4,0.5660209655761719
wine,10,0.05,0.005,purity,0.8888888888888888,10,0.2,2,0.14034628868103027
wine,25,0.01,0.005,purity,0.9166666666666666,25,0.2,5,0.8824312686920166
wine,5,0.01,0.01,purity,0.8611111111111112,5,0.2,1,0.0335237979888916
wine,10,0.01,0.01,purity,0.8611111111111112,10,0.3,3,0.1643064022064209
wine,15,0.01,0.01,purity,0.8333333333333334,15,0.26666666666666666,4,0.3514745235443115
wine,20,0.01,0.01,purity,0.8333333333333334,20,0.3,6,0.6575238704681396
wine,30,0.01,0.01,purity,0.8333333333333334,30,0.26666666666666666,8,1.4020278453826904
wine,15,0.0,0.01,purity,0.8333333333333334,15,0.26666666666666666,4,0.34722089767456055
wine,15,0.03,0.01,purity,0.8333333333333334,15,0.26666666666666666,4,0.3517162799835205
wine,15,0.05,0.01,purity,0.8333333333333334,15,0.3333333333333333,5,0.3908097743988037
wine,15,0.1,0.01,purity,0.8333333333333334,15,0.3333333333333333,5,0.3892514705657959
wine,15,0.01,0.0,purity,0.8333333333333334,15,0.26666666666666666,4,0.35367631912231445
wine,15,0.01,0.005,purity,0.8333333333333334,15,0.26666666666666666,4,0.35419702529907227
wine,15,0.01,0.02,purity,0.8333333333333334,15,0.26666666666666666,4,0.35381531715393066
wine,15,0.01,0.05,purity,0.8333333333333334,15,0.26666666666666666,4,0.3546180725097656
wine,20,0.03,0.01,purity,0.8333333333333334,20,0.25,5,0.6141064167022705
wine,10,0.05,0.005,purity,0.8333333333333334,10,0.2,2,0.1418921947479248
wine,25,0.01,0.005,purity,0.8055555555555556,25,0.28,7,1.001298189163208
wine,5,0.01,0.01,purity,0.9714285714285714,5,0.2,1,0.033512115478515625
wine,10,0.01,0.01,purity,0.9714285714285714,10,0.2,2,0.1404707431793213
wine,15,0.01,0.01,purity,0.9714285714285714,15,0.26666666666666666,4,0.3567080497741699
wine,20,0.01,0.01,purity,1.0,20,0.3,6,0.6633694171905518
wine,30,0.01,0.01,purity,1.0,30,0.2,6,1.2756259441375732
wine,15,0.0,0.01,purity,0.9714285714285714,15,0.2,3,0.3168356418609619
wine,15,0.03,0.01,purity,0.9714285714285714,15,0.2,3,0.3167119026184082
wine,15,0.05,0.01,purity,0.9714285714285714,15,0.2,3,0.3185420036315918
wine,15,0.1,0.01,purity,1.0,15,0.4,6,0.4278278350830078
wine,15,0.01,0.0,purity,0.9714285714285714,15,0.26666666666666666,4,0.3533012866973877
wine,15,0.01,0.005,purity,0.9714285714285714,15,0.26666666666666666,4,0.3520476818084717
wine,15,0.01,0.02,purity,0.9714285714285714,15,0.26666666666666666,4,0.3533897399902344
wine,15,0.01,0.05,purity,0.9714285714285714,15,0.26666666666666666,4,0.3531961441040039
wine,20,0.03,0.01,purity,1.0,20,0.25,5,0.615095853805542
wine,10,0.05,0.005,purity,0.9714285714285714,10,0.2,2,0.1407318115234375
wine,25,0.01,0.005,purity,1.0,25,0.24,6,0.9385256767272949
wine,5,0.01,0.01,purity,0.9142857142857143,5,0.2,1,0.033530473709106445
wine,10,0.01,0.01,purity,0.9142857142857143,10,0.3,3,0.16437745094299316
wine,15,0.01,0.01,purity,0.9142857142857143,15,0.26666666666666666,4,0.348949670791626
wine,20,0.01,0.01,purity,0.9142857142857143,20,0.3,6,0.6550443172454834
wine,30,0.01,0.01,purity,0.9428571428571428,30,0.2,6,1.2512807846069336
wine,15,0.0,0.01,purity,0.9142857142857143,15,0.26666666666666666,4,0.3552436828613281
wine,15,0.03,0.01,purity,0.9142857142857143,15,0.3333333333333333,5,0.3849635124206543
wine,15,0.05,0.01,purity,0.9142857142857143,15,0.4,6,0.4222145080566406
wine,15,0.1,0.01,purity,0.9428571428571428,15,0.4,6,0.4248383045196533
wine,15,0.01,0.0,purity,0.9142857142857143,15,0.26666666666666666,4,0.3491837978363037
wine,15,0.01,0.005,purity,0.9142857142857143,15,0.26666666666666666,4,0.35348081588745117
wine,15,0.01,0.02,purity,0.9142857142857143,15,0.26666666666666666,4,0.3511030673980713
wine,15,0.01,0.05,purity,0.9142857142857143,15,0.26666666666666666,4,0.3532288074493408
wine,20,0.03,0.01,purity,0.9142857142857143,20,0.3,6,0.6545975208282471
wine,10,0.05,0.005,purity,0.8571428571428571,10,0.4,4,0.1904435157775879
wine,25,0.01,0.005,purity,0.9142857142857143,25,0.24,6,0.9293320178985596
saheart,5,0.01,0.01,purity,0.6559139784946236,5,0.8,4,0.06894969940185547
saheart,10,0.01,0.01,purity,0.6559139784946236,10,0.4,4,0.17113995552062988
saheart,15,0.01,0.01,purity,0.6559139784946236,15,0.26666666666666666,4,0.3144099712371826
saheart,20,0.01,0.01,purity,0.6559139784946236,20,0.2,4,0.4807736873626709
saheart,30,0.01,0.01,purity,0.4946236559139785,27,0.14814814814814814,4,0.8529386520385742
saheart,15,0.0,0.01,purity,0.6559139784946236,15,0.26666666666666666,4,0.2953803539276123
saheart,15,0.03,0.01,purity,0.6559139784946236,15,0.3333333333333333,5,0.3288755416870117
saheart,15,0.05,0.01,purity,0.6559139784946236,15,0.3333333333333333,5,0.3278329372406006
saheart,15,0.1,0.01,purity,0.6559139784946236,15,0.3333333333333333,5,0.33011460304260254
saheart,15,0.01,0.0,purity,0.6559139784946236,15,0.26666666666666666,4,0.2962794303894043
saheart,15,0.01,0.005,purity,0.6559139784946236,15,0.26666666666666666,4,0.29787516593933105
saheart,15,0.01,0.02,purity,0.6559139784946236,15,0.26666666666666666,4,0.2964162826538086
saheart,15,0.01,0.05,purity,0.6559139784946236,15,0.26666666666666666,4,0.2963747978210449
saheart,20,0.03,0.01,purity,0.6559139784946236,20,0.25,5,0.5178875923156738
saheart,10,0.05,0.005,purity,0.6559139784946236,10,0.5,5,0.18210482597351074
saheart,25,0.01,0.005,purity,0.6559139784946236,25,0.16,4,0.6989006996154785
saheart,5,0.01,0.01,purity,0.6559139784946236,5,0.4,2,0.03909635543823242
saheart,10,0.01,0.01,purity,0.6559139784946236,10,0.4,4,0.1590900421142578
saheart,15,0.01,0.01,purity,0.6559139784946236,15,0.26666666666666666,4,0.3096199035644531
saheart,20,0.01,0.01,purity,0.6559139784946236,20,0.2,4,0.5207257270812988
saheart,30,0.01,0.01,purity,0.5268817204301075,28,0.14285714285714285,4,0.9244773387908936
saheart,15,0.0,0.01,purity,0.6559139784946236,15,0.26666666666666666,4,0.2986564636230469
saheart,15,0.03,0.01,purity,0.6559139784946236,15,0.26666666666666666,4,0.29973864555358887
saheart,15,0.05,0.01,purity,0.6559139784946236,15,0.26666666666666666,4,0.2994384765625
saheart,15,0.1,0.01,purity,0.6559139784946236,15,0.26666666666666666,4,0.30031538009643555
saheart,15,0.01,0.0,purity,0.6559139784946236,15,0.26666666666666666,4,0.3002629280090332
saheart,15,0.01,0.005,purity,0.6559139784946236,15,0.26666666666666666,4,0.3000504970550537
saheart,15,0.01,0.02,purity,0.6559139784946236,15,0.26666666666666666,4,0.29921698570251465
saheart,15,0.01,0.05,purity,0.6559139784946236,15,0.26666666666666666,4,0.29936933517456055
saheart,20,0.03,0.01,purity,0.6559139784946236,20,0.2,4,0.4852333068847656
saheart,10,0.05,0.005,purity,0.6559139784946236,10,0.4,4,0.16067028045654297
saheart,25,0.01,0.005,purity,0.6559139784946236,25,0.16,4,0.7127292156219482
saheart,5,0.01,0.01,purity,0.6521739130434783,5,0.6,3,0.051080942153930664
saheart,10,0.01,0.01,purity,0.6521739130434783,10,0.3,3,0.13891911506652832
saheart,15,0.01,0.01,purity,0.6521739130434783,15,0.2,3,0.2714955806732178
saheart,20,0.01,0.01,purity,0.6521739130434783,20,0.15,3,0.44753146171569824
saheart,30,0.01,0.01,purity,0.532608695652174,27,0.1111111111111111,3,0.8132641315460205
saheart,15,0.0,0.01,purity,0.6521739130434783,15,0.2,3,0.27156543731689453
saheart,15,0.03,0.01,purity,0.6521739130434783,15,0.26666666666666666,4,0.301159143447876
saheart,15,0.05,0.01,purity,0.6521739130434783,15,0.3333333333333333,5,0.3332943916320801
saheart,15,0.1,0.01,purity,0.6521739130434783,15,0.3333333333333333,5,0.3314797878265381
saheart,15,0.01,0.0,purity,0.6521739130434783,15,0.2,3,0.27223992347717285
saheart,15,0.01,0.005,purity,0.6521739130434783,15,0.2,3,0.2712836265563965
saheart,15,0.01,0.02,purity,0.6521739130434783,15,0.2,3,0.27146387100219727
saheart,15,0.01,0.05,purity,0.6521739130434783,15,0.2,3,0.27100181579589844
saheart,20,0.03,0.01,purity,0.6521739130434783,20,0.2,4,0.4859006404876709
saheart,10,0.05,0.005,purity,0.6521739130434783,10,0.5,5,0.18471860885620117
saheart,25,0.01,0.005,purity,0.6521739130434783,25,0.12,3,0.6681017875671387
saheart,5,0.01,0.01,purity,0.6521739130434783,5,0.4,2,0.03897428512573242
saheart,10,0.01,0.01,purity,0.6521739130434783,10,0.5,5,0.18264293670654297
saheart,15,0.01,0.01,purity,0.6521739130434783,15,0.3333333333333333,5,0.32723116874694824
saheart,20,0.01,0.01,purity,0.6521739130434783,20,0.25,5,0.5176239013671875
saheart,30,0.01,0.01,purity,0.5108695652173914,29,0.1724137931034483,5,1.017651081085205
saheart,15,0.0,0.01,purity,0.6521739130434783,15,0.3333333333333333,5,0.32877516746520996
saheart,15,0.03,0.01,purity,0.6521739130434783,15,0.3333333333333333,5,0.3305542469024658
saheart,15,0.05,0.01,purity,0.6521739130434783,15,0.3333333333333333,5,0.3296043872833252
saheart,15,0.1,0.01,purity,0.6521739130434783,15,0.3333333333333333,5,0.33098411560058594
saheart,15,0.01,0.0,purity,0.6521739130434783,15,0.3333333333333333,5,0.329481840133667
saheart,15,0.01,0.005,purity,0.6521739130434783,15,0.3333333333333333,5,0.3284029960632324
saheart,15,0.01,0.02,purity,0.6521739130434783,15,0.3333333333333333,5,0.3298501968383789
saheart,15,0.01,0.05,purity,0.6521739130434783,15,0.3333333333333333,5,0.33060550689697266
saheart,20,0.03,0.01,purity,0.6521739130434783,20,0.25,5,0.5208852291107178
saheart,10,0.05,0.005,purity,0.6521739130434783,10,0.5,5,0.18355107307434082
saheart,25,0.01,0.005,purity,0.6521739130434783,25,0.2,5,0.7516036033630371
saheart,5,0.01,0.01,purity,0.6521739130434783,5,0.8,4,0.06359386444091797
saheart,10,0.01,0.01,purity,0.6521739130434783,10,0.4,4,0.15926527976989746
saheart,15,0.01,0.01,purity,0.6521739130434783,15,0.26666666666666666,4,0.3076591491699219
saheart,20,0.01,0.01,purity,0.6521739130434783,20,0.2,4,0.4816739559173584
saheart,30,0.01,0.01,purity,0.43478260869565216,26,0.15384615384615385,4,0.8019137382507324
saheart,15,0.0,0.01,purity,0.6521739130434783,15,0.26666666666666666,4,0.2967064380645752
saheart,15,0.03,0.01,purity,0.6521739130434783,15,0.3333333333333333,5,0.3288123607635498
saheart,15,0.05,0.01,purity,0.6521739130434783,15,0.3333333333333333,5,0.3286712169647217
saheart,15,0.1,0.01,purity,0.6521739130434783,15,0.4,6,0.3624422550201416
saheart,15,0.01,0.0,purity,0.6521739130434783,15,0.26666666666666666,4,0.29702258110046387
saheart,15,0.01,0.005,purity,0.6521739130434783,15,0.26666666666666666,4,0.2994852066040039
saheart,15,0.01,0.02,purity,0.6521739130434783,15,0.26666666666666666,4,0.29805994033813477
saheart,15,0.01,0.05,purity,0.6521739130434783,15,0.26666666666666666,4,0.29769349098205566
saheart,20,0.03,0.01,purity,0.6521739130434783,20,0.25,5,0.5216994285583496
saheart,10,0.05,0.005,purity,0.6521739130434783,10,0.5,5,0.1832594871520996
saheart,25,0.01,0.005,purity,0.6521739130434783,25,0.16,4,0.7088031768798828
ring,5,0.01,0.01,purity,0.6074324324324324,5,0.4,2,0.6928460597991943
ring,10,0.01,0.01,purity,0.6074324324324324,10,0.2,2,2.1572253704071045
ring,15,0.01,0.01,purity,0.6074324324324324,15,0.13333333333333333,2,4.393649339675903
ring,20,0.01,0.01,purity,0.6074324324324324,20,0.1,2,7.488213062286377
ring,30,0.01,0.01,purity,0.6074324324324324,30,0.06666666666666667,2,16.034520387649536
ring,15,0.0,0.01,purity,0.6074324324324324,15,0.13333333333333333,2,4.418076515197754
ring,15,0.03,0.01,purity,0.6074324324324324,15,0.13333333333333333,2,4.408423662185669
ring,15,0.05,0.01,purity,0.6074324324324324,15,0.13333333333333333,2,4.4187140464782715
ring,15,0.1,0.01,purity,0.4966216216216216,15,0.06666666666666667,1,4.0077831745147705
ring,15,0.01,0.0,purity,0.6074324324324324,15,0.13333333333333333,2,4.435523509979248
ring,15,0.01,0.005,purity,0.6074324324324324,15,0.13333333333333333,2,4.465593338012695
ring,15,0.01,0.02,purity,0.6074324324324324,15,0.13333333333333333,2,4.420492172241211
ring,15,0.01,0.05,purity,0.6074324324324324,15,0.13333333333333333,2,4.419006109237671
ring,20,0.03,0.01,purity,0.6074324324324324,20,0.1,2,7.482912302017212
ring,10,0.05,0.005,purity,0.6074324324324324,10,0.2,2,2.144766330718994
ring,25,0.01,0.005,purity,0.6074324324324324,25,0.08,2,11.326432704925537
ring,5,0.01,0.01,purity,0.6087837837837838,5,0.4,2,0.7024452686309814
ring,10,0.01,0.01,purity,0.6087837837837838,10,0.2,2,2.1410930156707764
ring,15,0.01,0.01,purity,0.6087837837837838,15,0.13333333333333333,2,4.455292224884033
ring,20,0.01,0.01,purity,0.6087837837837838,20,0.1,2,7.543001174926758
ring,30,0.01,0.01,purity,0.6087837837837838,30,0.06666666666666667,2,16.10862374305725
ring,15,0.0,0.01,purity,0.6087837837837838,15,0.13333333333333333,2,4.432559490203857
ring,15,0.03,0.01,purity,0.6087837837837838,15,0.13333333333333333,2,4.451662302017212
ring,15,0.05,0.01,purity,0.6087837837837838,15,0.13333333333333333,2,4.436742782592773
ring,15,0.1,0.01,purity,0.497972972972973,15,0.06666666666666667,1,4.022125482559204
ring,15,0.01,0.0,purity,0.6087837837837838,15,0.13333333333333333,2,4.428552150726318
ring,15,0.01,0.005,purity,0.6087837837837838,15,0.13333333333333333,2,4.413632869720459
ring,15,0.01,0.02,purity,0.6087837837837838,15,0.13333333333333333,2,4.439168691635132
ring,15,0.01,0.05,purity,0.6087837837837838,15,0.13333333333333333,2,4.421992301940918
ring,20,0.03,0.01,purity,0.6087837837837838,20,0.1,2,7.469232559204102
ring,10,0.05,0.005,purity,0.6087837837837838,10,0.2,2,2.1439287662506104
ring,25,0.01,0.005,purity,0.6087837837837838,25,0.08,2,11.394773960113525
ring,5,0.01,0.01,purity,0.597972972972973,5,0.4,2,0.688154935836792
ring,10,0.01,0.01,purity,0.597972972972973,10,0.2,2,2.1273193359375
ring,15,0.01,0.01,purity,0.597972972972973,15,0.13333333333333333,2,4.3906168937683105
ring,20,0.01,0.01,purity,0.597972972972973,20,0.1,2,7.470517635345459
ring,30,0.01,0.01,purity,0.597972972972973,30,0.06666666666666667,2,16.037933349609375
ring,15,0.0,0.01,purity,0.597972972972973,15,0.13333333333333333,2,4.4392125606536865
ring,15,0.03,0.01,purity,0.597972972972973,15,0.13333333333333333,2,4.425424575805664
ring,15,0.05,0.01,purity,0.597972972972973,15,0.13333333333333333,2,4.408005952835083
ring,15,0.1,0.01,purity,0.4972972972972973,15,0.06666666666666667,1,3.9817824363708496
ring,15,0.01,0.0,purity,0.597972972972973,15,0.13333333333333333,2,4.422687768936157
ring,15,0.01,0.005,purity,0.597972972972973,15,0.13333333333333333,2,4.433170318603516
ring,15,0.01,0.02,purity,0.597972972972973,15,0.13333333333333333,2,4.438016891479492
ring,15,0.01,0.05,purity,0.597972972972973,15,0.13333333333333333,2,4.420335292816162
ring,20,0.03,0.01,purity,0.597972972972973,20,0.1,2,7.526407718658447
ring,10,0.05,0.005,purity,0.597972972972973,10,0.2,2,2.1644177436828613
ring,25,0.01,0.005,purity,0.597972972972973,25,0.08,2,11.451812505722046
ring,5,0.01,0.01,purity,0.5891891891891892,5,0.4,2,0.6910109519958496
ring,10,0.01,0.01,purity,0.5891891891891892,10,0.2,2,2.1584529876708984
ring,15,0.01,0.01,purity,0.5891891891891892,15,0.13333333333333333,2,4.388371706008911
ring,20,0.01,0.01,purity,0.5891891891891892,20,0.1,2,7.481059789657593
ring,30,0.01,0.01,purity,0.5891891891891892,30,0.06666666666666667,2,16.071734189987183
ring,15,0.0,0.01,purity,0.5891891891891892,15,0.13333333333333333,2,4.428047180175781
ring,15,0.03,0.01,purity,0.5891891891891892,15,0.13333333333333333,2,4.3930604457855225
ring,15,0.05,0.01,purity,0.5891891891891892,15,0.13333333333333333,2,4.389678955078125
ring,15,0.1,0.01,purity,0.5,15,0.06666666666666667,1,3.9912469387054443
ring,15,0.01,0.0,purity,0.5891891891891892,15,0.13333333333333333,2,4.4144651889801025
ring,15,0.01,0.005,purity,0.5891891891891892,15,0.13333333333333333,2,4.4189863204956055
ring,15,0.01,0.02,purity,0.5891891891891892,15,0.13333333333333333,2,4.434119462966919
ring,15,0.01,0.05,purity,0.5891891891891892,15,0.13333333333333333,2,4.434525966644287
ring,20,0.03,0.01,purity,0.5891891891891892,20,0.1,2,7.530368328094482
ring,10,0.05,0.005,purity,0.5891891891891892,10,0.2,2,2.14729642868042
ring,25,0.01,0.005,purity,0.5891891891891892,25,0.08,2,11.363824844360352
ring,5,0.01,0.01,purity,0.5898648648648649,5,0.4,2,0.6943423748016357
ring,10,0.01,0.01,purity,0.5898648648648649,10,0.2,2,2.150125026702881
ring,15,0.01,0.01,purity,0.5898648648648649,15,0.13333333333333333,2,4.437872409820557
ring,20,0.01,0.01,purity,0.5898648648648649,20,0.1,2,7.509457349777222
ring,30,0.01,0.01,purity,0.5898648648648649,30,0.06666666666666667,2,16.03174662590027
ring,15,0.0,0.01,purity,0.5898648648648649,15,0.13333333333333333,2,4.419602155685425
ring,15,0.03,0.01,purity,0.5898648648648649,15,0.13333333333333333,2,4.416391134262085
ring,15,0.05,0.01,purity,0.5898648648648649,15,0.13333333333333333,2,4.436041355133057
ring,15,0.1,0.01,purity,0.4972972972972973,15,0.06666666666666667,1,4.020364046096802
ring,15,0.01,0.0,purity,0.5898648648648649,15,0.13333333333333333,2,4.4349281787872314
ring,15,0.01,0.005,purity,0.5898648648648649,15,0.13333333333333333,2,4.413297653198242
ring,15,0.01,0.02,purity,0.5898648648648649,15,0.13333333333333333,2,4.413998603820801
ring,15,0.01,0.05,purity,0.5898648648648649,15,0.13333333333333333,2,4.445749044418335
ring,20,0.03,0.01,purity,0.5898648648648649,20,0.1,2,7.525265693664551
ring,10,0.05,0.005,purity,0.5898648648648649,10,0.2,2,2.1482436656951904
ring,25,0.01,0.005,purity,0.5898648648648649,25,0.08,2,11.397763013839722
zoo,5,0.01,0.01,purity,0.5714285714285714,5,0.2,1,0.027393817901611328
zoo,10,0.01,0.01,purity,0.6190476190476191,10,0.2,2,0.11403322219848633
zoo,15,0.01,0.01,purity,0.6190476190476191,15,0.13333333333333333,2,0.22874951362609863
zoo,20,0.01,0.01,purity,0.6190476190476191,20,0.1,2,0.38036274909973145
zoo,30,0.01,0.01,purity,0.7619047619047619,30,0.1,3,0.8301498889923096
zoo,15,0.0,0.01,purity,0.6190476190476191,15,0.13333333333333333,2,0.2243506908416748
zoo,15,0.03,0.01,purity,0.6190476190476191,15,0.13333333333333333,2,0.23069167137145996
zoo,15,0.05,0.01,purity,0.6190476190476191,15,0.13333333333333333,2,0.2293696403503418
zoo,15,0.1,0.01,purity,0.7142857142857143,15,0.26666666666666666,4,0.28611302375793457
zoo,15,0.01,0.0,purity,0.6190476190476191,15,0.13333333333333333,2,0.2267904281616211
zoo,15,0.01,0.005,purity,0.6190476190476191,15,0.13333333333333333,2,0.22904706001281738
zoo,15,0.01,0.02,purity,0.6190476190476191,15,0.13333333333333333,2,0.2259840965270996
zoo,15,0.01,0.05,purity,0.6190476190476191,15,0.13333333333333333,2,0.22556090354919434
zoo,20,0.03,0.01,purity,0.6190476190476191,20,0.15,3,0.4167494773864746
zoo,10,0.05,0.005,purity,0.6190476190476191,10,0.2,2,0.11659526824951172
zoo,25,0.01,0.005,purity,0.6190476190476191,25,0.12,3,0.6239941120147705
zoo,5,0.01,0.01,purity,0.6,5,0.2,1,0.027154207229614258
zoo,10,0.01,0.01,purity,0.75,10,0.2,2,0.11351227760314941
zoo,15,0.01,0.01,purity,0.75,15,0.13333333333333333,2,0.22346043586730957
zoo,20,0.01,0.01,purity,0.75,20,0.15,3,0.40033888816833496
zoo,30,0.01,0.01,purity,0.75,30,0.13333333333333333,4,0.8609695434570312
zoo,15,0.0,0.01,purity,0.75,15,0.13333333333333333,2,0.2228684425354004
zoo,15,0.03,0.01,purity,0.75,15,0.2,3,0.2545454502105713
zoo,15,0.05,0.01,purity,0.75,15,0.2,3,0.2552652359008789
zoo,15,0.1,0.01,purity,0.7,15,0.26666666666666666,4,0.28668212890625
zoo,15,0.01,0.0,purity,0.75,15,0.13333333333333333,2,0.22571945190429688
zoo,15,0.01,0.005,purity,0.75,15,0.13333333333333333,2,0.2253563404083252
zoo,15,0.01,0.02,purity,0.75,15,0.13333333333333333,2,0.22540950775146484
zoo,15,0.01,0.05,purity,0.75,15,0.13333333333333333,2,0.2264420986175537
zoo,20,0.03,0.01,purity,0.75,20,0.15,3,0.4148287773132324
zoo,10,0.05,0.005,purity,0.75,10,0.2,2,0.11646890640258789
zoo,25,0.01,0.005,purity,0.75,25,0.12,3,0.5967316627502441
zoo,5,0.01,0.01,purity,0.7,5,0.2,1,0.02721261978149414
zoo,10,0.01,0.01,purity,0.85,10,0.2,2,0.1143496036529541
zoo,15,0.01,0.01,purity,0.85,15,0.13333333333333333,2,0.22893595695495605
zoo,20,0.01,0.01,purity,0.85,20,0.1,2,0.3796727657318115
zoo,30,0.01,0.01,purity,0.85,30,0.1,3,0.8273866176605225
zoo,15,0.0,0.01,purity,0.85,15,0.13333333333333333,2,0.22860288619995117
zoo,15,0.03,0.01,purity,0.8,15,0.13333333333333333,2,0.23138070106506348
zoo,15,0.05,0.01,purity,0.8,15,0.13333333333333333,2,0.23263335227966309
zoo,15,0.1,0.01,purity,0.8,15,0.26666666666666666,4,0.2856910228729248
zoo,15,0.01,0.0,purity,0.85,15,0.13333333333333333,2,0.22881031036376953
zoo,15,0.01,0.005,purity,0.85,15,0.13333333333333333,2,0.228226900100708
zoo,15,0.01,0.02,purity,0.85,15,0.13333333333333333,2,0.2281496524810791
zoo,15,0.01,0.05,purity,0.85,15,0.13333333333333333,2,0.22840571403503418
zoo,20,0.03,0.01,purity,0.8,20,0.15,3,0.41635608673095703
zoo,10,0.05,0.005,purity,0.8,10,0.2,2,0.11704611778259277
zoo,25,0.01,0.005,purity,0.85,25,0.12,3,0.5992085933685303
zoo,5,0.01,0.01,purity,0.65,5,0.2,1,0.026675701141357422
zoo,10,0.01,0.01,purity,0.7,10,0.2,2,0.1110076904296875
zoo,15,0.01,0.01,purity,0.7,15,0.13333333333333333,2,0.21923136711120605
zoo,20,0.01,0.01,purity,0.7,20,0.1,2,0.36653804779052734
zoo,30,0.01,0.01,purity,0.7,30,0.1,3,0.8131277561187744
zoo,15,0.0,0.01,purity,0.7,15,0.13333333333333333,2,0.2223963737487793
zoo,15,0.03,0.01,purity,0.65,15,0.2,3,0.25620317459106445
zoo,15,0.05,0.01,purity,0.65,15,0.2,3,0.2572042942047119
zoo,15,0.1,0.01,purity,0.75,15,0.2,3,0.25983452796936035
zoo,15,0.01,0.0,purity,0.7,15,0.13333333333333333,2,0.22254204750061035
zoo,15,0.01,0.005,purity,0.7,15,0.13333333333333333,2,0.2226715087890625
zoo,15,0.01,0.02,purity,0.7,15,0.13333333333333333,2,0.22269177436828613
zoo,15,0.01,0.05,purity,0.7,15,0.13333333333333333,2,0.22217583656311035
zoo,20,0.03,0.01,purity,0.65,20,0.15,3,0.41275739669799805
zoo,10,0.05,0.005,purity,0.65,10,0.2,2,0.11814498901367188
zoo,25,0.01,0.005,purity,0.7,25,0.12,3,0.5844833850860596
zoo,5,0.01,0.01,purity,0.6,5,0.2,1,0.02720332145690918
zoo,10,0.01,0.01,purity,0.75,10,0.2,2,0.11266779899597168
zoo,15,0.01,0.01,purity,0.75,15,0.13333333333333333,2,0.2269151210784912
zoo,20,0.01,0.01,purity,0.75,20,0.15,3,0.4046659469604492
zoo,30,0.01,0.01,purity,0.75,30,0.13333333333333333,4,0.8601260185241699
zoo,15,0.0,0.01,purity,0.75,15,0.13333333333333333,2,0.2224724292755127
zoo,15,0.03,0.01,purity,0.75,15,0.2,3,0.2524855136871338
zoo,15,0.05,0.01,purity,0.75,15,0.2,3,0.2552828788757324
zoo,15,0.1,0.01,purity,0.75,15,0.26666666666666666,4,0.28153038024902344
zoo,15,0.01,0.0,purity,0.75,15,0.13333333333333333,2,0.2223339080810547
zoo,15,0.01,0.005,purity,0.75,15,0.13333333333333333,2,0.22349333763122559
zoo,15,0.01,0.02,purity,0.75,15,0.13333333333333333,2,0.22398924827575684
zoo,15,0.01,0.05,purity,0.75,15,0.13333333333333333,2,0.22441816329956055
zoo,20,0.03,0.01,purity,0.75,20,0.15,3,0.40645575523376465
zoo,10,0.05,0.005,purity,0.75,10,0.2,2,0.11555147171020508
zoo,25,0.01,0.005,purity,0.75,25,0.12,3,0.5921354293823242
